<TextureAtlas imagePath="playingCards.png">
	<SubTexture name="cardBack_blue1.png" x="980" y="760" width="140" height="190"/>
	<SubTexture name="cardBack_blue2.png" x="980" y="570" width="140" height="190"/>
	<SubTexture name="cardBack_blue3.png" x="1260" y="190" width="140" height="190"/>
	<SubTexture name="cardBack_green1.png" x="1260" y="0" width="140" height="190"/>
	<SubTexture name="cardBack_green2.png" x="1120" y="760" width="140" height="190"/>
	<SubTexture name="cardBack_green3.png" x="1120" y="570" width="140" height="190"/>
	<SubTexture name="cardBack_red1.png" x="1120" y="380" width="140" height="190"/>
	<SubTexture name="cardBack_red2.png" x="1120" y="190" width="140" height="190"/>
	<SubTexture name="cardBack_red3.png" x="1120" y="0" width="140" height="190"/>
	<SubTexture name="cardClubs10.png" x="700" y="760" width="140" height="190"/>
	<SubTexture name="cardClubs2.png" x="980" y="380" width="140" height="190"/>
	<SubTexture name="cardClubs3.png" x="980" y="190" width="140" height="190"/>
	<SubTexture name="cardClubs4.png" x="980" y="0" width="140" height="190"/>
	<SubTexture name="cardClubs5.png" x="840" y="760" width="140" height="190"/>
	<SubTexture name="cardClubs6.png" x="840" y="570" width="140" height="190"/>
	<SubTexture name="cardClubs7.png" x="840" y="380" width="140" height="190"/>
	<SubTexture name="cardClubs8.png" x="840" y="190" width="140" height="190"/>
	<SubTexture name="cardClubs9.png" x="1680" y="0" width="140" height="190"/>
	<SubTexture name="cardClubsA.png" x="700" y="570" width="140" height="190"/>
	<SubTexture name="cardClubsJ.png" x="700" y="380" width="140" height="190"/>
	<SubTexture name="cardClubsK.png" x="700" y="190" width="140" height="190"/>
	<SubTexture name="cardClubsQ.png" x="700" y="0" width="140" height="190"/>
	<SubTexture name="cardDiamonds10.png" x="420" y="190" width="140" height="190"/>
	<SubTexture name="cardDiamonds2.png" x="560" y="760" width="140" height="190"/>
	<SubTexture name="cardDiamonds3.png" x="560" y="570" width="140" height="190"/>
	<SubTexture name="cardDiamonds4.png" x="560" y="380" width="140" height="190"/>
	<SubTexture name="cardDiamonds5.png" x="560" y="190" width="140" height="190"/>
	<SubTexture name="cardDiamonds6.png" x="560" y="0" width="140" height="190"/>
	<SubTexture name="cardDiamonds7.png" x="420" y="760" width="140" height="190"/>
	<SubTexture name="cardDiamonds8.png" x="420" y="570" width="140" height="190"/>
	<SubTexture name="cardDiamonds9.png" x="420" y="380" width="140" height="190"/>
	<SubTexture name="cardDiamondsA.png" x="420" y="0" width="140" height="190"/>
	<SubTexture name="cardDiamondsJ.png" x="280" y="760" width="140" height="190"/>
	<SubTexture name="cardDiamondsK.png" x="280" y="570" width="140" height="190"/>
	<SubTexture name="cardDiamondsQ.png" x="280" y="380" width="140" height="190"/>
	<SubTexture name="cardHearts10.png" x="0" y="570" width="140" height="190"/>
	<SubTexture name="cardHearts2.png" x="280" y="190" width="140" height="190"/>
	<SubTexture name="cardHearts3.png" x="280" y="0" width="140" height="190"/>
	<SubTexture name="cardHearts4.png" x="140" y="760" width="140" height="190"/>
	<SubTexture name="cardHearts5.png" x="140" y="570" width="140" height="190"/>
	<SubTexture name="cardHearts6.png" x="140" y="380" width="140" height="190"/>
	<SubTexture name="cardHearts7.png" x="140" y="190" width="140" height="190"/>
	<SubTexture name="cardHearts8.png" x="140" y="0" width="140" height="190"/>
	<SubTexture name="cardHearts9.png" x="0" y="760" width="140" height="190"/>
	<SubTexture name="cardHeartsA.png" x="0" y="380" width="140" height="190"/>
	<SubTexture name="cardHeartsJ.png" x="0" y="190" width="140" height="190"/>
	<SubTexture name="cardHeartsK.png" x="0" y="0" width="140" height="190"/>
	<SubTexture name="cardHeartsQ.png" x="840" y="0" width="140" height="190"/>
	<SubTexture name="cardSpades10.png" x="1400" y="190" width="140" height="190"/>
	<SubTexture name="cardSpades2.png" x="1540" y="760" width="140" height="190"/>
	<SubTexture name="cardSpades3.png" x="1540" y="570" width="140" height="190"/>
	<SubTexture name="cardSpades4.png" x="1540" y="380" width="140" height="190"/>
	<SubTexture name="cardSpades5.png" x="1540" y="190" width="140" height="190"/>
	<SubTexture name="cardSpades6.png" x="1540" y="0" width="140" height="190"/>
	<SubTexture name="cardSpades7.png" x="1400" y="760" width="140" height="190"/>
	<SubTexture name="cardSpades8.png" x="1400" y="570" width="140" height="190"/>
	<SubTexture name="cardSpades9.png" x="1400" y="380" width="140" height="190"/>
	<SubTexture name="cardSpadesA.png" x="1400" y="0" width="140" height="190"/>
	<SubTexture name="cardSpadesJ.png" x="1260" y="760" width="140" height="190"/>
	<SubTexture name="cardSpadesK.png" x="1260" y="570" width="140" height="190"/>
	<SubTexture name="cardSpadesQ.png" x="1260" y="380" width="140" height="190"/>
</TextureAtlas>